USE [master]
GO
/****** Object:  Database [Nhom15_BCCK]    Script Date: 10/1/2024 1:35:40 AM ******/
CREATE DATABASE [Nhom15_BCCK1]
 CONTAINMENT = NONE
 ON  PRIMARY 
( NAME = N'Nhom15_BCCK', FILENAME = N'C:\Program Files\Microsoft SQL Server\MSSQL16.SQLEXPRESS\MSSQL\DATA\Nhom15_BCCK.mdf' , SIZE = 8192KB , MAXSIZE = UNLIMITED, FILEGROWTH = 65536KB )
 LOG ON 
( NAME = N'Nhom15_BCCK_log', FILENAME = N'C:\Program Files\Microsoft SQL Server\MSSQL16.SQLEXPRESS\MSSQL\DATA\Nhom15_BCCK_log.ldf' , SIZE = 8192KB , MAXSIZE = 2048GB , FILEGROWTH = 65536KB )
 WITH CATALOG_COLLATION = DATABASE_DEFAULT, LEDGER = OFF
GO
ALTER DATABASE [Nhom15_BCCK] SET COMPATIBILITY_LEVEL = 160
GO
IF (1 = FULLTEXTSERVICEPROPERTY('IsFullTextInstalled'))
begin
EXEC [Nhom15_BCCK].[dbo].[sp_fulltext_database] @action = 'enable'
end
GO
ALTER DATABASE [Nhom15_BCCK] SET ANSI_NULL_DEFAULT OFF 
GO
ALTER DATABASE [Nhom15_BCCK] SET ANSI_NULLS OFF 
GO
ALTER DATABASE [Nhom15_BCCK] SET ANSI_PADDING OFF 
GO
ALTER DATABASE [Nhom15_BCCK] SET ANSI_WARNINGS OFF 
GO
ALTER DATABASE [Nhom15_BCCK] SET ARITHABORT OFF 
GO
ALTER DATABASE [Nhom15_BCCK] SET AUTO_CLOSE ON 
GO
ALTER DATABASE [Nhom15_BCCK] SET AUTO_SHRINK OFF 
GO
ALTER DATABASE [Nhom15_BCCK] SET AUTO_UPDATE_STATISTICS ON 
GO
ALTER DATABASE [Nhom15_BCCK] SET CURSOR_CLOSE_ON_COMMIT OFF 
GO
ALTER DATABASE [Nhom15_BCCK] SET CURSOR_DEFAULT  GLOBAL 
GO
ALTER DATABASE [Nhom15_BCCK] SET CONCAT_NULL_YIELDS_NULL OFF 
GO
ALTER DATABASE [Nhom15_BCCK] SET NUMERIC_ROUNDABORT OFF 
GO
ALTER DATABASE [Nhom15_BCCK] SET QUOTED_IDENTIFIER OFF 
GO
ALTER DATABASE [Nhom15_BCCK] SET RECURSIVE_TRIGGERS OFF 
GO
ALTER DATABASE [Nhom15_BCCK] SET  ENABLE_BROKER 
GO
ALTER DATABASE [Nhom15_BCCK] SET AUTO_UPDATE_STATISTICS_ASYNC OFF 
GO
ALTER DATABASE [Nhom15_BCCK] SET DATE_CORRELATION_OPTIMIZATION OFF 
GO
ALTER DATABASE [Nhom15_BCCK] SET TRUSTWORTHY OFF 
GO
ALTER DATABASE [Nhom15_BCCK] SET ALLOW_SNAPSHOT_ISOLATION OFF 
GO
ALTER DATABASE [Nhom15_BCCK] SET PARAMETERIZATION SIMPLE 
GO
ALTER DATABASE [Nhom15_BCCK] SET READ_COMMITTED_SNAPSHOT OFF 
GO
ALTER DATABASE [Nhom15_BCCK] SET HONOR_BROKER_PRIORITY OFF 
GO
ALTER DATABASE [Nhom15_BCCK] SET RECOVERY SIMPLE 
GO
ALTER DATABASE [Nhom15_BCCK] SET  MULTI_USER 
GO
ALTER DATABASE [Nhom15_BCCK] SET PAGE_VERIFY CHECKSUM  
GO
ALTER DATABASE [Nhom15_BCCK] SET DB_CHAINING OFF 
GO
ALTER DATABASE [Nhom15_BCCK] SET FILESTREAM( NON_TRANSACTED_ACCESS = OFF ) 
GO
ALTER DATABASE [Nhom15_BCCK] SET TARGET_RECOVERY_TIME = 60 SECONDS 
GO
ALTER DATABASE [Nhom15_BCCK] SET DELAYED_DURABILITY = DISABLED 
GO
ALTER DATABASE [Nhom15_BCCK] SET ACCELERATED_DATABASE_RECOVERY = OFF  
GO
ALTER DATABASE [Nhom15_BCCK] SET QUERY_STORE = ON
GO
ALTER DATABASE [Nhom15_BCCK] SET QUERY_STORE (OPERATION_MODE = READ_WRITE, CLEANUP_POLICY = (STALE_QUERY_THRESHOLD_DAYS = 30), DATA_FLUSH_INTERVAL_SECONDS = 900, INTERVAL_LENGTH_MINUTES = 60, MAX_STORAGE_SIZE_MB = 1000, QUERY_CAPTURE_MODE = AUTO, SIZE_BASED_CLEANUP_MODE = AUTO, MAX_PLANS_PER_QUERY = 200, WAIT_STATS_CAPTURE_MODE = ON)
GO
USE [Nhom15_BCCK1]
GO
/****** Object:  Table [dbo].[CT_NXB]    Script Date: 10/1/2024 1:35:40 AM ******/
SET ANSI_NULLS ON
GO
SET QUOTED_IDENTIFIER ON
GO
CREATE TABLE [dbo].[CT_NXB](
	[MASACH] [varchar](10) NOT NULL,
	[MANXB] [varchar](10) NOT NULL,
	[SOLUONG] [int] NOT NULL
) ON [PRIMARY]
GO
/****** Object:  Table [dbo].[CT_PM]    Script Date: 10/1/2024 1:35:40 AM ******/
SET ANSI_NULLS ON
GO
SET QUOTED_IDENTIFIER ON
GO
CREATE TABLE [dbo].[CT_PM](
	[MASACH] [varchar](10) NOT NULL,
	[MAPM] [varchar](10) NOT NULL,
	[NGAYTRA] [date] NOT NULL
) ON [PRIMARY]
GO
/****** Object:  Table [dbo].[HINHTHUCPHAT]    Script Date: 10/1/2024 1:35:40 AM ******/
SET ANSI_NULLS ON
GO
SET QUOTED_IDENTIFIER ON
GO
CREATE TABLE [dbo].[HINHTHUCPHAT](
	[MAHT] [varchar](10) NOT NULL,
	[HINHTHUC] [nvarchar](100) NULL,
PRIMARY KEY CLUSTERED 
(
	[MAHT] ASC
)WITH (PAD_INDEX = OFF, STATISTICS_NORECOMPUTE = OFF, IGNORE_DUP_KEY = OFF, ALLOW_ROW_LOCKS = ON, ALLOW_PAGE_LOCKS = ON, OPTIMIZE_FOR_SEQUENTIAL_KEY = OFF) ON [PRIMARY]
) ON [PRIMARY]
GO
/****** Object:  Table [dbo].[KESACH]    Script Date: 10/1/2024 1:35:40 AM ******/
SET ANSI_NULLS ON
GO
SET QUOTED_IDENTIFIER ON
GO
CREATE TABLE [dbo].[KESACH](
	[MAKE] [varchar](10) NOT NULL,
	[MAKHU] [varchar](10) NOT NULL,
	[TENKESACH] [nvarchar](50) NOT NULL,
PRIMARY KEY CLUSTERED 
(
	[MAKE] ASC
)WITH (PAD_INDEX = OFF, STATISTICS_NORECOMPUTE = OFF, IGNORE_DUP_KEY = OFF, ALLOW_ROW_LOCKS = ON, ALLOW_PAGE_LOCKS = ON, OPTIMIZE_FOR_SEQUENTIAL_KEY = OFF) ON [PRIMARY]
) ON [PRIMARY]
GO
/****** Object:  Table [dbo].[KHUVUC]    Script Date: 10/1/2024 1:35:40 AM ******/
SET ANSI_NULLS ON
GO
SET QUOTED_IDENTIFIER ON
GO
CREATE TABLE [dbo].[KHUVUC](
	[MAKHU] [varchar](10) NOT NULL,
	[TENKHU] [nvarchar](100) NOT NULL,
PRIMARY KEY CLUSTERED 
(
	[MAKHU] ASC
)WITH (PAD_INDEX = OFF, STATISTICS_NORECOMPUTE = OFF, IGNORE_DUP_KEY = OFF, ALLOW_ROW_LOCKS = ON, ALLOW_PAGE_LOCKS = ON, OPTIMIZE_FOR_SEQUENTIAL_KEY = OFF) ON [PRIMARY]
) ON [PRIMARY]
GO
/****** Object:  Table [dbo].[LOAISACH]    Script Date: 10/1/2024 1:35:40 AM ******/
SET ANSI_NULLS ON
GO
SET QUOTED_IDENTIFIER ON
GO
CREATE TABLE [dbo].[LOAISACH](
	[MALOAI] [varchar](10) NOT NULL,
	[MANGAN] [varchar](10) NOT NULL,
	[TENLOAI] [nvarchar](100) NOT NULL,
PRIMARY KEY CLUSTERED 
(
	[MALOAI] ASC
)WITH (PAD_INDEX = OFF, STATISTICS_NORECOMPUTE = OFF, IGNORE_DUP_KEY = OFF, ALLOW_ROW_LOCKS = ON, ALLOW_PAGE_LOCKS = ON, OPTIMIZE_FOR_SEQUENTIAL_KEY = OFF) ON [PRIMARY]
) ON [PRIMARY]
GO
/****** Object:  Table [dbo].[NGANSACH]    Script Date: 10/1/2024 1:35:40 AM ******/
SET ANSI_NULLS ON
GO
SET QUOTED_IDENTIFIER ON
GO
CREATE TABLE [dbo].[NGANSACH](
	[MANGAN] [varchar](10) NOT NULL,
	[MAKE] [varchar](10) NOT NULL,
	[STT] [int] NOT NULL,
PRIMARY KEY CLUSTERED 
(
	[MANGAN] ASC
)WITH (PAD_INDEX = OFF, STATISTICS_NORECOMPUTE = OFF, IGNORE_DUP_KEY = OFF, ALLOW_ROW_LOCKS = ON, ALLOW_PAGE_LOCKS = ON, OPTIMIZE_FOR_SEQUENTIAL_KEY = OFF) ON [PRIMARY]
) ON [PRIMARY]
GO
/****** Object:  Table [dbo].[NHANVIENTHUVIEN]    Script Date: 10/1/2024 1:35:40 AM ******/
SET ANSI_NULLS ON
GO
SET QUOTED_IDENTIFIER ON
GO
CREATE TABLE [dbo].[NHANVIENTHUVIEN](
	[MANV] [varchar](10) NOT NULL,
	[TENNV] [nvarchar](100) NOT NULL,
	[NGAYSINH] [date] NOT NULL,
	[GIOITINH] [nvarchar](50) NOT NULL,
	[SDT] [varchar](10) NOT NULL,
	[GMAIL] [varchar](100) NOT NULL,
PRIMARY KEY CLUSTERED 
(
	[MANV] ASC
)WITH (PAD_INDEX = OFF, STATISTICS_NORECOMPUTE = OFF, IGNORE_DUP_KEY = OFF, ALLOW_ROW_LOCKS = ON, ALLOW_PAGE_LOCKS = ON, OPTIMIZE_FOR_SEQUENTIAL_KEY = OFF) ON [PRIMARY]
) ON [PRIMARY]
GO
/****** Object:  Table [dbo].[NXB]    Script Date: 10/1/2024 1:35:40 AM ******/
SET ANSI_NULLS ON
GO
SET QUOTED_IDENTIFIER ON
GO
CREATE TABLE [dbo].[NXB](
	[MANXB] [varchar](10) NOT NULL,
	[TENNXB] [nvarchar](255) NOT NULL,
	[DIACHI] [nvarchar](255) NOT NULL,
	[SDT] [varchar](10) NOT NULL,
	[GMAIL] [varchar](100) NOT NULL,
PRIMARY KEY CLUSTERED 
(
	[MANXB] ASC
)WITH (PAD_INDEX = OFF, STATISTICS_NORECOMPUTE = OFF, IGNORE_DUP_KEY = OFF, ALLOW_ROW_LOCKS = ON, ALLOW_PAGE_LOCKS = ON, OPTIMIZE_FOR_SEQUENTIAL_KEY = OFF) ON [PRIMARY]
) ON [PRIMARY]
GO
/****** Object:  Table [dbo].[PHEUMUON]    Script Date: 10/1/2024 1:35:40 AM ******/
SET ANSI_NULLS ON
GO
SET QUOTED_IDENTIFIER ON
GO
CREATE TABLE [dbo].[PHEUMUON](
	[MAPM] [varchar](10) NOT NULL,
	[MANV] [varchar](10) NOT NULL,
	[MADG] [varchar](10) NOT NULL,
	[NGAYMUON] [date] NOT NULL,
	[HENTRA] [date] NOT NULL,
	[GHICHU] [nvarchar](max) NULL,
PRIMARY KEY CLUSTERED 
(
	[MAPM] ASC
)WITH (PAD_INDEX = OFF, STATISTICS_NORECOMPUTE = OFF, IGNORE_DUP_KEY = OFF, ALLOW_ROW_LOCKS = ON, ALLOW_PAGE_LOCKS = ON, OPTIMIZE_FOR_SEQUENTIAL_KEY = OFF) ON [PRIMARY]
) ON [PRIMARY] TEXTIMAGE_ON [PRIMARY]
GO
/****** Object:  Table [dbo].[PHIEUTHU]    Script Date: 10/1/2024 1:35:40 AM ******/
SET ANSI_NULLS ON
GO
SET QUOTED_IDENTIFIER ON
GO
CREATE TABLE [dbo].[PHIEUTHU](
	[MAGH] [varchar](10) NOT NULL,
	[MANV] [varchar](10) NOT NULL,
	[MADG] [varchar](10) NOT NULL,
	[THOIGIAN] [int] NOT NULL,
	[NGAYLAP] [date] NOT NULL,
	[SOTIEN] [decimal](18, 0) NOT NULL,
PRIMARY KEY CLUSTERED 
(
	[MAGH] ASC
)WITH (PAD_INDEX = OFF, STATISTICS_NORECOMPUTE = OFF, IGNORE_DUP_KEY = OFF, ALLOW_ROW_LOCKS = ON, ALLOW_PAGE_LOCKS = ON, OPTIMIZE_FOR_SEQUENTIAL_KEY = OFF) ON [PRIMARY]
) ON [PRIMARY]
GO
/****** Object:  Table [dbo].[PHIEUPHAT]    Script Date: 10/1/2024 1:35:40 AM ******/
SET ANSI_NULLS ON
GO
SET QUOTED_IDENTIFIER ON
GO
CREATE TABLE [dbo].[PHIEUPHAT](
	[MAPP] [varchar](10) NOT NULL,
	[MAHT] [varchar](10) NOT NULL,
	[MASACH] [varchar](10) NOT NULL,
	[MAPM] [varchar](10) NOT NULL,
	[GHICHU] [nvarchar](max) NULL,
	[NGAYLAP] [date] NOT NULL,
PRIMARY KEY CLUSTERED 
(
	[MAPP] ASC
)WITH (PAD_INDEX = OFF, STATISTICS_NORECOMPUTE = OFF, IGNORE_DUP_KEY = OFF, ALLOW_ROW_LOCKS = ON, ALLOW_PAGE_LOCKS = ON, OPTIMIZE_FOR_SEQUENTIAL_KEY = OFF) ON [PRIMARY]
) ON [PRIMARY] TEXTIMAGE_ON [PRIMARY]
GO
/****** Object:  Table [dbo].[SACH]    Script Date: 10/1/2024 1:35:40 AM ******/
SET ANSI_NULLS ON
GO
SET QUOTED_IDENTIFIER ON
GO
CREATE TABLE [dbo].[SACH](
	[MASACH] [varchar](10) NOT NULL,
	[MALOAI] [varchar](10) NOT NULL,
	[TENSACH] [nvarchar](100) NOT NULL,
	[NAMXB] [date] NOT NULL,
	[BIA] [varchar](100) NOT NULL,
	[GIA] [decimal](18, 0) NOT NULL,
	[SOTRANG] [int] NOT NULL,
	[SL] [int] NOT NULL,
PRIMARY KEY CLUSTERED 
(
	[MASACH] ASC
)WITH (PAD_INDEX = OFF, STATISTICS_NORECOMPUTE = OFF, IGNORE_DUP_KEY = OFF, ALLOW_ROW_LOCKS = ON, ALLOW_PAGE_LOCKS = ON, OPTIMIZE_FOR_SEQUENTIAL_KEY = OFF) ON [PRIMARY]
) ON [PRIMARY]
GO
/****** Object:  Table [dbo].[SINHVIEN]    Script Date: 10/1/2024 1:35:40 AM ******/
SET ANSI_NULLS ON
GO
SET QUOTED_IDENTIFIER ON
GO
CREATE TABLE [dbo].[SINHVIEN](
	[MASV] [varchar](10) NOT NULL,
	[TENSV] [nvarchar](100) NULL,
	[DIACHI] [nvarchar](100) NULL,
	[SDT] [varchar](10) NOT NULL,
	[GMAIL] [varchar](100) NOT NULL,
	[NGAYSINH] [date] NOT NULL,
	[GIOITINH] [nvarchar](50) NOT NULL,
	[HINHANH] [varchar](200) NULL,
PRIMARY KEY CLUSTERED 
(
	[MASV] ASC
)WITH (PAD_INDEX = OFF, STATISTICS_NORECOMPUTE = OFF, IGNORE_DUP_KEY = OFF, ALLOW_ROW_LOCKS = ON, ALLOW_PAGE_LOCKS = ON, OPTIMIZE_FOR_SEQUENTIAL_KEY = OFF) ON [PRIMARY]
) ON [PRIMARY]
GO
/****** Object:  Table [dbo].[TACGIA]    Script Date: 10/1/2024 1:35:40 AM ******/
SET ANSI_NULLS ON
GO
SET QUOTED_IDENTIFIER ON
GO
CREATE TABLE [dbo].[TACGIA](
	[MATG] [varchar](10) NOT NULL,
	[TENTG] [nvarchar](100) NOT NULL,
	[BUTDANH] [nvarchar](100) NULL,
	[NGAYSINH] [date] NULL,
	[QUEQUAN] [nvarchar](255) NULL,
	[HINHANH] [varchar](200) NULL,
PRIMARY KEY CLUSTERED 
(
	[MATG] ASC
)WITH (PAD_INDEX = OFF, STATISTICS_NORECOMPUTE = OFF, IGNORE_DUP_KEY = OFF, ALLOW_ROW_LOCKS = ON, ALLOW_PAGE_LOCKS = ON, OPTIMIZE_FOR_SEQUENTIAL_KEY = OFF) ON [PRIMARY]
) ON [PRIMARY]
GO
/****** Object:  Table [dbo].[TACGIA_SACH]    Script Date: 10/1/2024 1:35:40 AM ******/
SET ANSI_NULLS ON
GO
SET QUOTED_IDENTIFIER ON
GO
CREATE TABLE [dbo].[TACGIA_SACH](
	[MATG] [varchar](10) NOT NULL,
	[MASACH] [varchar](10) NOT NULL,
	[NAMVIET] [date] NOT NULL
) ON [PRIMARY]
GO
/****** Object:  Table [dbo].[THEDG]    Script Date: 10/1/2024 1:35:40 AM ******/
SET ANSI_NULLS ON
GO
SET QUOTED_IDENTIFIER ON
GO
CREATE TABLE [dbo].[THEDG](
	[MADG] [varchar](10) NOT NULL,
	[MASV] [varchar](10) NOT NULL,
	[NGAYCAP] [date] NOT NULL,
	[NGAYHETHAN] [date] NOT NULL,
PRIMARY KEY CLUSTERED 
(
	[MADG] ASC
)WITH (PAD_INDEX = OFF, STATISTICS_NORECOMPUTE = OFF, IGNORE_DUP_KEY = OFF, ALLOW_ROW_LOCKS = ON, ALLOW_PAGE_LOCKS = ON, OPTIMIZE_FOR_SEQUENTIAL_KEY = OFF) ON [PRIMARY]
) ON [PRIMARY]
GO
INSERT [dbo].[CT_NXB] ([MASACH], [MANXB], [SOLUONG]) VALUES (N'S001', N'NXB001', 50)
INSERT [dbo].[CT_NXB] ([MASACH], [MANXB], [SOLUONG]) VALUES (N'S002', N'NXB002', 30)
GO
INSERT [dbo].[KESACH] ([MAKE], [MAKHU], [TENKESACH]) VALUES (N'KS001', N'KV001', N'Kệ Văn Học A')
INSERT [dbo].[KESACH] ([MAKE], [MAKHU], [TENKESACH]) VALUES (N'KS002', N'KV001', N'Kệ Văn Học B')
INSERT [dbo].[KESACH] ([MAKE], [MAKHU], [TENKESACH]) VALUES (N'KS003', N'KV002', N'Kệ Khoa Học A')
GO
INSERT [dbo].[KHUVUC] ([MAKHU], [TENKHU]) VALUES (N'KV001', N'Khu Văn Học')
INSERT [dbo].[KHUVUC] ([MAKHU], [TENKHU]) VALUES (N'KV002', N'Khu Khoa Học')
INSERT [dbo].[KHUVUC] ([MAKHU], [TENKHU]) VALUES (N'KV003', N'Khu Lịch Sử')
INSERT [dbo].[KHUVUC] ([MAKHU], [TENKHU]) VALUES (N'KV004', N'Khu Trẻ Em')
GO
INSERT [dbo].[LOAISACH] ([MALOAI], [MANGAN], [TENLOAI]) VALUES (N'LS001', N'NS001', N'Tiểu Thuyết')
INSERT [dbo].[LOAISACH] ([MALOAI], [MANGAN], [TENLOAI]) VALUES (N'LS002', N'NS002', N'Trinh Thám')
INSERT [dbo].[LOAISACH] ([MALOAI], [MANGAN], [TENLOAI]) VALUES (N'LS003', N'NS003', N'Sách Khoa Học')
INSERT [dbo].[LOAISACH] ([MALOAI], [MANGAN], [TENLOAI]) VALUES (N'LS004', N'NS004', N'Tiểu Thuyết Khoa Học Viễn Tưởng')
GO
INSERT [dbo].[NGANSACH] ([MANGAN], [MAKE], [STT]) VALUES (N'NS001', N'KS001', 1)
INSERT [dbo].[NGANSACH] ([MANGAN], [MAKE], [STT]) VALUES (N'NS002', N'KS001', 2)
INSERT [dbo].[NGANSACH] ([MANGAN], [MAKE], [STT]) VALUES (N'NS003', N'KS002', 1)
INSERT [dbo].[NGANSACH] ([MANGAN], [MAKE], [STT]) VALUES (N'NS004', N'KS003', 1)
GO
INSERT [dbo].[NHANVIENTHUVIEN] ([MANV], [TENNV], [NGAYSINH], [GIOITINH], [SDT], [GMAIL]) VALUES (N'NV001', N'Nguyễn Văn A', CAST(N'1990-05-20' AS Date), N'Nam', N'0123456789', N'nvana@example.com')
INSERT [dbo].[NHANVIENTHUVIEN] ([MANV], [TENNV], [NGAYSINH], [GIOITINH], [SDT], [GMAIL]) VALUES (N'NV002', N'Trần Thị B', CAST(N'1988-10-15' AS Date), N'Nữ', N'0987654321', N'ttb@example.com')
GO
INSERT [dbo].[NXB] ([MANXB], [TENNXB], [DIACHI], [SDT], [GMAIL]) VALUES (N'NXB001', N'Nhà Xuất Bản A', N'123 Đường ABC, TP.HCM', N'0123456789', N'nxb_a@example.com')
INSERT [dbo].[NXB] ([MANXB], [TENNXB], [DIACHI], [SDT], [GMAIL]) VALUES (N'NXB002', N'Nhà Xuất Bản B', N'456 Đường XYZ, Hà Nội', N'0987654321', N'nxb_b@example.com')
GO
INSERT [dbo].[PHIEUTHU] ([MAGH], [MANV], [MADG], [THOIGIAN], [NGAYLAP], [SOTIEN]) VALUES (N'PGH001', N'NV001', N'DG001', 2, CAST(N'2023-12-20' AS Date), CAST(50000 AS Decimal(18, 0)))
INSERT [dbo].[PHIEUTHU] ([MAGH], [MANV], [MADG], [THOIGIAN], [NGAYLAP], [SOTIEN]) VALUES (N'PGH002', N'NV002', N'DG002', 1, CAST(N'2023-11-10' AS Date), CAST(25000 AS Decimal(18, 0)))
GO
INSERT [dbo].[SACH] ([MASACH], [MALOAI], [TENSACH], [NAMXB], [BIA], [GIA], [SOTRANG], [SL]) VALUES (N'S001', N'LS001', N'Tiếng Gọi Của Hoang Dã', CAST(N'2003-08-20' AS Date), N'Bìa m?m', CAST(25000 AS Decimal(18, 0)), 300, 50)
INSERT [dbo].[SACH] ([MASACH], [MALOAI], [TENSACH], [NAMXB], [BIA], [GIA], [SOTRANG], [SL]) VALUES (N'S002', N'LS002', N'The Da Vinci Code', CAST(N'2005-05-10' AS Date), N'Bìa c?ng', CAST(35000 AS Decimal(18, 0)), 500, 30)
GO
INSERT [dbo].[SINHVIEN] ([MASV], [TENSV], [DIACHI], [SDT], [GMAIL], [NGAYSINH], [GIOITINH], [HINHANH]) VALUES (N'SV001', N'Phạm Hồng C', N'123 Đường X, TP.HCM', N'0369871234', N'phc@example.com', CAST(N'2000-03-10' AS Date), N'Nữ', N'/images/pham_hong_c.jpg')
INSERT [dbo].[SINHVIEN] ([MASV], [TENSV], [DIACHI], [SDT], [GMAIL], [NGAYSINH], [GIOITINH], [HINHANH]) VALUES (N'SV002', N'Lê Minh D', N'456 Đường Y, Hà Nội', N'0903123456', N'lmd@example.com', CAST(N'1999-08-25' AS Date), N'Nam', N'/images/le_minh_d.jpg')
GO
INSERT [dbo].[TACGIA] ([MATG], [TENTG], [BUTDANH], [NGAYSINH], [QUEQUAN], [HINHANH]) VALUES (N'TG001', N'Nguyễn Xuân Thu', N'Xuân Thu', CAST(N'1970-05-15' AS Date), N'Hà Nội', N'/images/nguyen_xuan_thu.jpg')
INSERT [dbo].[TACGIA] ([MATG], [TENTG], [BUTDANH], [NGAYSINH], [QUEQUAN], [HINHANH]) VALUES (N'TG002', N'Trần Thị Hương', N'Thị Hương', CAST(N'1985-12-20' AS Date), N'TPHCM', N'/images/tran_thi_huong.jpg')
GO
INSERT [dbo].[TACGIA_SACH] ([MATG], [MASACH], [NAMVIET]) VALUES (N'TG001', N'S001', CAST(N'2003-08-20' AS Date))
INSERT [dbo].[TACGIA_SACH] ([MATG], [MASACH], [NAMVIET]) VALUES (N'TG002', N'S002', CAST(N'2005-05-10' AS Date))
GO
INSERT [dbo].[THEDG] ([MADG], [MASV], [NGAYCAP], [NGAYHETHAN]) VALUES (N'DG001', N'SV001', CAST(N'2023-01-15' AS Date), CAST(N'2024-01-15' AS Date))
INSERT [dbo].[THEDG] ([MADG], [MASV], [NGAYCAP], [NGAYHETHAN]) VALUES (N'DG002', N'SV002', CAST(N'2023-02-20' AS Date), CAST(N'2024-02-20' AS Date))
GO
SET ANSI_PADDING ON
GO
/****** Object:  Index [UQ__NHANVIENTHUVIEN__730B09935ADB6D03]    Script Date: 10/1/2024 1:35:40 AM ******/
ALTER TABLE [dbo].[NHANVIENTHUVIEN] ADD UNIQUE NONCLUSTERED 
(
	[GMAIL] ASC
)WITH (PAD_INDEX = OFF, STATISTICS_NORECOMPUTE = OFF, SORT_IN_TEMPDB = OFF, IGNORE_DUP_KEY = OFF, ONLINE = OFF, ALLOW_ROW_LOCKS = ON, ALLOW_PAGE_LOCKS = ON, OPTIMIZE_FOR_SEQUENTIAL_KEY = OFF) ON [PRIMARY]
GO
SET ANSI_PADDING ON
GO
/****** Object:  Index [UQ__NHANVIENTHUVIEN__CA1930A516032D3A]    Script Date: 10/1/2024 1:35:40 AM ******/
ALTER TABLE [dbo].[NHANVIENTHUVIEN] ADD UNIQUE NONCLUSTERED 
(
	[SDT] ASC
)WITH (PAD_INDEX = OFF, STATISTICS_NORECOMPUTE = OFF, SORT_IN_TEMPDB = OFF, IGNORE_DUP_KEY = OFF, ONLINE = OFF, ALLOW_ROW_LOCKS = ON, ALLOW_PAGE_LOCKS = ON, OPTIMIZE_FOR_SEQUENTIAL_KEY = OFF) ON [PRIMARY]
GO
SET ANSI_PADDING ON
GO
/****** Object:  Index [UQ__NXB__730B0993D312F0D7]    Script Date: 10/1/2024 1:35:40 AM ******/
ALTER TABLE [dbo].[NXB] ADD UNIQUE NONCLUSTERED 
(
	[GMAIL] ASC
)WITH (PAD_INDEX = OFF, STATISTICS_NORECOMPUTE = OFF, SORT_IN_TEMPDB = OFF, IGNORE_DUP_KEY = OFF, ONLINE = OFF, ALLOW_ROW_LOCKS = ON, ALLOW_PAGE_LOCKS = ON, OPTIMIZE_FOR_SEQUENTIAL_KEY = OFF) ON [PRIMARY]
GO
SET ANSI_PADDING ON
GO
/****** Object:  Index [UQ__NXB__CA1930A5BC3A6E60]    Script Date: 10/1/2024 1:35:40 AM ******/
ALTER TABLE [dbo].[NXB] ADD UNIQUE NONCLUSTERED 
(
	[SDT] ASC
)WITH (PAD_INDEX = OFF, STATISTICS_NORECOMPUTE = OFF, SORT_IN_TEMPDB = OFF, IGNORE_DUP_KEY = OFF, ONLINE = OFF, ALLOW_ROW_LOCKS = ON, ALLOW_PAGE_LOCKS = ON, OPTIMIZE_FOR_SEQUENTIAL_KEY = OFF) ON [PRIMARY]
GO
SET ANSI_PADDING ON
GO
/****** Object:  Index [UQ__SINHVIEN__730B0993320D3C61]    Script Date: 10/1/2024 1:35:40 AM ******/
ALTER TABLE [dbo].[SINHVIEN] ADD UNIQUE NONCLUSTERED 
(
	[GMAIL] ASC
)WITH (PAD_INDEX = OFF, STATISTICS_NORECOMPUTE = OFF, SORT_IN_TEMPDB = OFF, IGNORE_DUP_KEY = OFF, ONLINE = OFF, ALLOW_ROW_LOCKS = ON, ALLOW_PAGE_LOCKS = ON, OPTIMIZE_FOR_SEQUENTIAL_KEY = OFF) ON [PRIMARY]
GO
SET ANSI_PADDING ON
GO
/****** Object:  Index [UQ__SINHVIEN__CA1930A53DFADC2D]    Script Date: 10/1/2024 1:35:40 AM ******/
ALTER TABLE [dbo].[SINHVIEN] ADD UNIQUE NONCLUSTERED 
(
	[SDT] ASC
)WITH (PAD_INDEX = OFF, STATISTICS_NORECOMPUTE = OFF, SORT_IN_TEMPDB = OFF, IGNORE_DUP_KEY = OFF, ONLINE = OFF, ALLOW_ROW_LOCKS = ON, ALLOW_PAGE_LOCKS = ON, OPTIMIZE_FOR_SEQUENTIAL_KEY = OFF) ON [PRIMARY]
GO
ALTER TABLE [dbo].[PHEUMUON] ADD  DEFAULT (getdate()) FOR [NGAYMUON]
GO
ALTER TABLE [dbo].[PHIEUTHU] ADD  DEFAULT ((1)) FOR [THOIGIAN]
GO
ALTER TABLE [dbo].[PHIEUTHU] ADD  DEFAULT (getdate()) FOR [NGAYLAP]
GO
ALTER TABLE [dbo].[PHIEUPHAT] ADD  DEFAULT (getdate()) FOR [NGAYLAP]
GO
ALTER TABLE [dbo].[THEDG] ADD  DEFAULT (getdate()) FOR [NGAYCAP]
GO
ALTER TABLE [dbo].[CT_NXB]  WITH CHECK ADD FOREIGN KEY([MANXB])
REFERENCES [dbo].[NXB] ([MANXB])
GO
ALTER TABLE [dbo].[CT_NXB]  WITH CHECK ADD FOREIGN KEY([MASACH])
REFERENCES [dbo].[SACH] ([MASACH])
GO
ALTER TABLE [dbo].[CT_PM]  WITH CHECK ADD FOREIGN KEY([MAPM])
REFERENCES [dbo].[PHEUMUON] ([MAPM])
GO
ALTER TABLE [dbo].[CT_PM]  WITH CHECK ADD FOREIGN KEY([MASACH])
REFERENCES [dbo].[SACH] ([MASACH])
GO
ALTER TABLE [dbo].[KESACH]  WITH CHECK ADD FOREIGN KEY([MAKHU])
REFERENCES [dbo].[KHUVUC] ([MAKHU])
GO
ALTER TABLE [dbo].[LOAISACH]  WITH CHECK ADD FOREIGN KEY([MANGAN])
REFERENCES [dbo].[NGANSACH] ([MANGAN])
GO
ALTER TABLE [dbo].[NGANSACH]  WITH CHECK ADD FOREIGN KEY([MAKE])
REFERENCES [dbo].[KESACH] ([MAKE])
GO
ALTER TABLE [dbo].[PHEUMUON]  WITH CHECK ADD FOREIGN KEY([MADG])
REFERENCES [dbo].[THEDG] ([MADG])
GO
ALTER TABLE [dbo].[PHEUMUON]  WITH CHECK ADD FOREIGN KEY([MANV])
REFERENCES [dbo].[NHANVIENTHUVIEN] ([MANV])
GO
ALTER TABLE [dbo].[PHIEUTHU]  WITH CHECK ADD FOREIGN KEY([MADG])
REFERENCES [dbo].[THEDG] ([MADG])
GO
ALTER TABLE [dbo].[PHIEUTHU]  WITH CHECK ADD FOREIGN KEY([MANV])
REFERENCES [dbo].[NHANVIENTHUVIEN] ([MANV])
GO
ALTER TABLE [dbo].[PHIEUPHAT]  WITH CHECK ADD FOREIGN KEY([MAHT])
REFERENCES [dbo].[HINHTHUCPHAT] ([MAHT])
GO
ALTER TABLE [dbo].[PHIEUPHAT]  WITH CHECK ADD FOREIGN KEY([MAPM])
REFERENCES [dbo].[PHEUMUON] ([MAPM])
GO
ALTER TABLE [dbo].[PHIEUPHAT]  WITH CHECK ADD FOREIGN KEY([MASACH])
REFERENCES [dbo].[SACH] ([MASACH])
GO
ALTER TABLE [dbo].[SACH]  WITH CHECK ADD FOREIGN KEY([MALOAI])
REFERENCES [dbo].[LOAISACH] ([MALOAI])
GO
ALTER TABLE [dbo].[TACGIA_SACH]  WITH CHECK ADD FOREIGN KEY([MASACH])
REFERENCES [dbo].[SACH] ([MASACH])
GO
ALTER TABLE [dbo].[TACGIA_SACH]  WITH CHECK ADD FOREIGN KEY([MATG])
REFERENCES [dbo].[TACGIA] ([MATG])
GO
ALTER TABLE [dbo].[THEDG]  WITH CHECK ADD FOREIGN KEY([MASV])
REFERENCES [dbo].[SINHVIEN] ([MASV])
GO
USE [master]
GO
ALTER DATABASE [Nhom15_BCCK] SET  READ_WRITE 
GO